Time (hr:min:sec),Time (s),GSR,Resistance,Conductance (uS),Heart_Rate,Section,Stressed
12:00:01,1,225,51358.88502,19.47082768,68,Relax,2
12:00:02,2,224,51111.11111,19.56521739,68,Relax,2
12:00:03,3,224,51111.11111,19.56521739,69,Relax,2
12:00:04,4,225,51358.88502,19.47082768,68,Relax,2
12:00:05,5,224,51111.11111,19.56521739,68,Relax,2
12:00:06,6,224,51111.11111,19.56521739,69,Relax,2
12:00:07,7,225,51358.88502,19.47082768,68,Relax,2
12:00:08,8,224,51111.11111,19.56521739,68,Relax,2
12:00:09,9,224,51111.11111,19.56521739,69,Relax,2
12:00:10,10,226,51608.39161,19.37669377,65,Relax,2
12:00:11,11,225,51358.88502,19.47082768,60,Relax,2
12:00:12,12,225,51358.88502,19.47082768,68,Relax,2
12:00:13,13,224,51111.11111,19.56521739,68,Relax,2
12:00:14,14,224,51111.11111,19.56521739,69,Relax,2
12:00:15,15,224,51111.11111,19.56521739,68,Relax,2
12:00:16,16,225,51358.88502,19.47082768,68,Relax,2
12:00:17,17,224,51111.11111,19.56521739,67,Relax,2
12:00:18,18,224,51111.11111,19.56521739,67,Relax,2
12:00:19,19,224,51111.11111,19.56521739,68,Relax,2
12:00:20,20,224,51111.11111,19.56521739,67,Relax,2
12:00:21,21,224,51111.11111,19.56521739,66,Relax,2
12:00:22,22,225,51358.88502,19.47082768,69,Relax,2
12:00:23,23,227,51859.64912,19.28281462,69,Relax,2
12:00:24,24,226,51608.39161,19.37669377,69,Relax,2
12:00:25,25,225,51358.88502,19.47082768,69,Relax,2
12:00:26,26,225,51358.88502,19.47082768,66,Relax,2
12:00:27,27,226,51608.39161,19.37669377,66,Relax,2
12:00:28,28,225,51358.88502,19.47082768,66,Relax,2
12:00:29,29,224,51111.11111,19.56521739,66,Relax,2
12:00:30,30,225,51358.88502,19.47082768,66,Relax,2
12:00:31,31,228,52112.67606,19.18918919,66,Relax,2
12:00:32,32,229,52367.49117,19.09581646,66,Relax,2
12:00:33,33,227,51859.64912,19.28281462,66,Relax,2
12:00:34,34,227,51859.64912,19.28281462,66,Relax,2
12:00:35,35,228,52112.67606,19.18918919,66,Relax,2
12:00:36,36,228,52112.67606,19.18918919,69,Relax,2
12:00:37,37,227,51859.64912,19.28281462,66,Relax,2
12:00:38,38,227,51859.64912,19.28281462,66,Relax,2
12:00:39,39,226,51608.39161,19.37669377,70,Relax,2
12:00:40,40,228,52112.67606,19.18918919,69,Relax,2
12:00:41,41,227,51859.64912,19.28281462,70,Relax,2
12:00:42,42,227,51859.64912,19.28281462,69,Relax,2
12:00:43,43,227,51859.64912,19.28281462,68,Relax,2
12:00:44,44,226,51608.39161,19.37669377,68,Relax,2
12:00:45,45,226,51608.39161,19.37669377,66,Relax,2
12:00:46,46,227,51859.64912,19.28281462,69,Relax,2
12:00:47,47,227,51859.64912,19.28281462,68,Relax,2
12:00:48,48,227,51859.64912,19.28281462,67,Relax,2
12:00:49,49,226,51608.39161,19.37669377,68,Relax,2
12:00:50,50,226,51608.39161,19.37669377,69,Relax,2
12:00:51,51,226,51608.39161,19.37669377,68,Relax,2
12:00:52,52,226,51608.39161,19.37669377,72,Relax,2
12:00:53,53,226,51608.39161,19.37669377,71,Relax,2
12:00:54,54,226,51608.39161,19.37669377,71,Relax,2
12:00:55,55,226,51608.39161,19.37669377,70,Relax,2
12:00:56,56,226,51608.39161,19.37669377,72,Relax,2
12:00:57,57,226,51608.39161,19.37669377,73,Relax,2
12:00:58,58,226,51608.39161,19.37669377,73,Relax,2
12:00:59,59,226,51608.39161,19.37669377,73,Relax,2
12:01:00,60,226,51608.39161,19.37669377,73,Relax,2
12:01:01,61,226,51608.39161,19.37669377,73,Relax,2
12:01:02,62,225,51358.88502,19.47082768,72,Relax,2
12:01:03,63,225,51358.88502,19.47082768,72,Relax,2
12:01:04,64,225,51358.88502,19.47082768,70,Relax,2
12:01:05,65,225,51358.88502,19.47082768,70,Relax,2
12:01:06,66,227,51859.64912,19.28281462,70,Relax,2
12:01:07,67,225,51358.88502,19.47082768,67,Relax,2
12:01:08,68,226,51608.39161,19.37669377,70,Relax,2
12:01:09,69,226,51608.39161,19.37669377,70,Relax,2
12:01:10,70,226,51608.39161,19.37669377,68,Relax,2
12:01:11,71,225,51358.88502,19.47082768,70,Relax,2
12:01:12,72,226,51608.39161,19.37669377,72,Relax,2
12:01:13,73,226,51608.39161,19.37669377,74,Relax,2
12:01:14,74,226,51608.39161,19.37669377,76,Relax,2
12:01:15,75,226,51608.39161,19.37669377,72,Relax,2
12:01:16,76,226,51608.39161,19.37669377,73,Relax,2
12:01:17,77,225,51358.88502,19.47082768,71,Relax,2
12:01:18,78,226,51608.39161,19.37669377,71,Relax,2
12:01:19,79,226,51608.39161,19.37669377,71,Relax,2
12:01:20,80,226,51608.39161,19.37669377,70,Relax,2
12:01:21,81,226,51608.39161,19.37669377,65,Relax,2
12:01:22,82,226,51608.39161,19.37669377,65,Relax,2
12:01:23,83,226,51608.39161,19.37669377,65,Relax,2
12:01:24,84,226,51608.39161,19.37669377,65,Relax,2
12:01:25,85,226,51608.39161,19.37669377,66,Relax,2
12:01:26,86,226,51608.39161,19.37669377,67,Relax,2
12:01:27,87,226,51608.39161,19.37669377,63,Relax,2
12:01:28,88,226,51608.39161,19.37669377,63,Relax,2
12:01:29,89,226,51608.39161,19.37669377,63,Relax,2
12:01:30,90,226,51608.39161,19.37669377,63,Relax,2
12:01:31,91,226,51608.39161,19.37669377,66,Relax,2
12:01:32,92,227,51859.64912,19.28281462,67,Relax,2
12:01:33,93,227,51859.64912,19.28281462,67,Relax,2
12:01:34,94,227,51859.64912,19.28281462,70,Relax,2
12:01:35,95,226,51608.39161,19.37669377,71,Relax,2
12:01:36,96,227,51859.64912,19.28281462,70,Relax,2
12:01:37,97,227,51859.64912,19.28281462,71,Relax,2
12:01:38,98,227,51859.64912,19.28281462,70,Relax,2
12:01:39,99,227,51859.64912,19.28281462,70,Relax,2
12:01:40,100,227,51859.64912,19.28281462,69,Relax,2
12:01:41,101,227,51859.64912,19.28281462,69,Relax,2
12:01:42,102,226,51608.39161,19.37669377,71,Relax,2
12:01:43,103,226,51608.39161,19.37669377,73,Relax,2
12:01:44,104,226,51608.39161,19.37669377,72,Relax,2
12:01:45,105,225,51358.88502,19.47082768,71,Relax,2
12:01:46,106,226,51608.39161,19.37669377,67,Relax,2
12:01:47,107,225,51358.88502,19.47082768,67,Relax,2
12:01:48,108,224,51111.11111,19.56521739,67,Relax,2
12:01:49,109,225,51358.88502,19.47082768,67,Relax,2
12:01:50,110,225,51358.88502,19.47082768,67,Relax,2
12:01:51,111,225,51358.88502,19.47082768,67,Relax,2
12:01:52,112,225,51358.88502,19.47082768,66,Relax,2
12:01:53,113,225,51358.88502,19.47082768,65,Relax,2
12:01:54,114,225,51358.88502,19.47082768,65,Relax,2
12:01:55,115,226,51608.39161,19.37669377,65,Relax,2
12:01:56,116,227,51859.64912,19.28281462,62,Relax,2
12:01:57,117,227,51859.64912,19.28281462,59,Relax,2
12:01:58,118,228,52112.67606,19.18918919,61,Relax,2
12:01:59,119,227,51859.64912,19.28281462,63,Relax,2
12:02:00,120,227,51859.64912,19.28281462,64,Relax,2
12:02:01,121,227,51859.64912,19.28281462,64,Relax,2
12:02:02,122,227,51859.64912,19.28281462,64,Relax,2
12:02:03,123,226,51608.39161,19.37669377,63,Relax,2
12:02:04,124,227,51859.64912,19.28281462,65,Relax,2
12:02:05,125,229,52367.49117,19.09581646,66,Relax,2
12:02:06,126,227,51859.64912,19.28281462,67,Relax,2
12:02:07,127,227,51859.64912,19.28281462,67,Relax,2
12:02:08,128,227,51859.64912,19.28281462,68,Relax,2
12:02:09,129,226,51608.39161,19.37669377,66,Relax,2
12:02:10,130,227,51859.64912,19.28281462,65,Relax,2
12:02:11,131,227,51859.64912,19.28281462,67,Relax,2
12:02:12,132,227,51859.64912,19.28281462,67,Relax,2
12:02:13,133,227,51859.64912,19.28281462,67,Relax,2
12:02:14,134,227,51859.64912,19.28281462,66,Relax,2
12:02:15,135,228,52112.67606,19.18918919,69,Relax,2
12:02:16,136,227,51859.64912,19.28281462,70,Relax,2
12:02:17,137,227,51859.64912,19.28281462,71,Relax,2
12:02:18,138,227,51859.64912,19.28281462,76,Relax,2
12:02:19,139,227,51859.64912,19.28281462,74,Relax,2
12:02:20,140,227,51859.64912,19.28281462,75,Relax,2
12:02:21,141,227,51859.64912,19.28281462,75,Relax,2
12:02:22,142,226,51608.39161,19.37669377,71,Relax,2
12:02:23,143,227,51859.64912,19.28281462,70,Relax,2
12:02:24,144,227,51859.64912,19.28281462,71,Relax,2
12:02:25,145,228,52112.67606,19.18918919,68,Relax,2
12:02:26,146,227,51859.64912,19.28281462,64,Relax,2
12:02:27,147,227,51859.64912,19.28281462,64,Relax,2
12:02:28,148,227,51859.64912,19.28281462,62,Relax,2
12:02:29,149,228,52112.67606,19.18918919,63,Relax,2
12:02:30,150,227,51859.64912,19.28281462,63,Relax,2
12:02:31,151,228,52112.67606,19.18918919,64,Relax,2
12:02:32,152,228,52112.67606,19.18918919,63,Relax,2
12:02:33,153,227,51859.64912,19.28281462,65,Relax,2
12:02:34,154,227,51859.64912,19.28281462,65,Relax,2
12:02:35,155,227,51859.64912,19.28281462,66,Relax,2
12:02:36,156,227,51859.64912,19.28281462,67,Relax,2
12:02:37,157,227,51859.64912,19.28281462,66,Relax,2
12:02:38,158,228,52112.67606,19.18918919,66,Relax,2
12:02:39,159,228,52112.67606,19.18918919,68,Relax,2
12:02:40,160,227,51859.64912,19.28281462,65,Relax,2
12:02:41,161,228,52112.67606,19.18918919,66,Relax,2
12:02:42,162,228,52112.67606,19.18918919,66,Relax,2
12:02:43,163,228,52112.67606,19.18918919,69,Relax,2
12:02:44,164,228,52112.67606,19.18918919,67,Relax,2
12:02:45,165,228,52112.67606,19.18918919,68,Relax,2
12:02:46,166,228,52112.67606,19.18918919,68,Relax,2
12:02:47,167,229,52367.49117,19.09581646,68,Relax,2
12:02:48,168,228,52112.67606,19.18918919,70,Relax,2
12:02:49,169,229,52367.49117,19.09581646,71,Relax,2
12:02:50,170,228,52112.67606,19.18918919,71,Relax,2
12:02:51,171,228,52112.67606,19.18918919,71,Relax,2
12:02:52,172,228,52112.67606,19.18918919,70,Relax,2
12:02:53,173,227,51859.64912,19.28281462,71,Relax,2
12:02:54,174,228,52112.67606,19.18918919,72,Relax,2
12:02:55,175,228,52112.67606,19.18918919,74,Relax,2
12:02:56,176,229,52367.49117,19.09581646,71,Relax,2
12:02:57,177,229,52367.49117,19.09581646,72,Relax,2
12:02:58,178,229,52367.49117,19.09581646,72,Relax,2
12:02:59,179,228,52112.67606,19.18918919,69,Relax,2
12:03:00,180,228,52112.67606,19.18918919,70,Relax,2
12:03:01,181,229,52367.49117,19.09581646,70,Relax,2
12:03:02,182,229,52367.49117,19.09581646,67,Relax,2
12:03:03,183,229,52367.49117,19.09581646,69,Relax,2
12:03:04,184,229,52367.49117,19.09581646,71,Relax,2
12:03:05,185,228,52112.67606,19.18918919,73,Relax,2
12:03:06,186,228,52112.67606,19.18918919,73,Relax,2
12:03:07,187,229,52367.49117,19.09581646,74,Relax,2
12:03:08,188,227,51859.64912,19.28281462,75,Relax,2
12:03:09,189,227,51859.64912,19.28281462,75,Relax,2
12:03:10,190,227,51859.64912,19.28281462,75,Relax,2
12:03:11,191,228,52112.67606,19.18918919,75,Relax,2
12:03:12,192,240,55294.11765,18.08510638,75,Relax,2
12:03:13,193,257,60313.72549,16.57997399,74,Relax,2
12:03:14,194,245,56704.11985,17.63540291,74,Relax,2
12:03:15,195,239,55018.31502,18.17576565,92,Relax,2
12:03:16,196,243,56133.829,17.81456954,93,Relax,2
12:03:17,197,233,53405.01792,18.72483222,93,Relax,2
12:03:18,198,233,53405.01792,18.72483222,88,Relax,2
12:03:19,199,233,53405.01792,18.72483222,88,Relax,2
12:03:20,200,234,53669.06475,18.63270777,88,Relax,2
12:03:21,201,234,53669.06475,18.63270777,88,Relax,2
12:03:22,202,234,53669.06475,18.63270777,87,Relax,2
12:03:23,203,234,53669.06475,18.63270777,87,Relax,2
12:03:24,204,234,53669.06475,18.63270777,88,Relax,2
12:03:25,205,234,53669.06475,18.63270777,69,Relax,2
12:03:26,206,237,54472.72727,18.35781041,66,Relax,2
12:03:27,207,235,53935.01805,18.54082999,69,Relax,2
12:03:28,208,234,53669.06475,18.63270777,70,Relax,2
12:03:29,209,234,53669.06475,18.63270777,70,Relax,2
12:03:30,210,235,53935.01805,18.54082999,70,Relax,2
12:03:31,211,244,56417.91045,17.72486772,69,Relax,2
12:03:32,212,244,56417.91045,17.72486772,69,Relax,2
12:03:33,213,250,58167.93893,17.19160105,69,Relax,2
12:03:34,214,243,56133.829,17.81456954,64,Relax,2
12:03:35,215,260,61269.84127,16.32124352,68,Relax,2
12:03:36,216,236,54202.89855,18.44919786,64,Relax,2
12:03:37,217,269,64279.83539,15.55697823,68,Relax,2
12:03:38,218,240,55294.11765,18.08510638,68,Relax,2
12:03:39,219,264,62580.64516,15.97938144,68,Relax,2
12:03:40,220,250,58167.93893,17.19160105,68,Relax,2
12:03:41,221,242,55851.85185,17.90450928,68,Relax,2
12:03:42,222,243,56133.829,17.81456954,64,Relax,2
12:03:43,223,243,56133.829,17.81456954,67,Relax,2
12:03:44,224,243,56133.829,17.81456954,69,Relax,2
12:03:45,225,243,56133.829,17.81456954,72,Relax,2
12:03:46,226,243,56133.829,17.81456954,70,Relax,2
12:03:47,227,243,56133.829,17.81456954,72,Relax,2
12:03:48,228,243,56133.829,17.81456954,72,Relax,2
12:03:49,229,243,56133.829,17.81456954,72,Relax,2
12:03:50,230,243,56133.829,17.81456954,72,Relax,2
12:03:51,231,243,56133.829,17.81456954,76,Relax,2
12:03:52,232,242,55851.85185,17.90450928,75,Relax,2
12:03:53,233,239,55018.31502,18.17576565,71,Relax,2
12:03:54,234,246,56992.4812,17.54617414,70,Relax,2
12:03:55,235,262,61920,16.1498708,70,Relax,2
12:03:56,236,247,57283.01887,17.4571805,67,Relax,2
12:03:57,237,243,56133.829,17.81456954,77,Relax,2
12:03:58,238,240,55294.11765,18.08510638,75,Relax,2
12:03:59,239,246,56992.4812,17.54617414,83,Relax,2
12:04:00,240,239,55018.31502,18.17576565,83,Relax,2
12:04:01,241,240,55294.11765,18.08510638,83,Relax,2
12:04:02,242,238,54744.52555,18.26666667,83,Relax,2
12:04:03,243,241,55571.95572,17.99468791,83,Relax,2
12:04:04,244,241,55571.95572,17.99468791,83,Relax,2
12:04:05,245,242,55851.85185,17.90450928,91,Relax,2
12:04:06,246,237,54472.72727,18.35781041,91,Relax,2
12:04:07,247,237,54472.72727,18.35781041,90,Relax,2
12:04:08,248,237,54472.72727,18.35781041,90,Relax,2
12:04:09,249,237,54472.72727,18.35781041,93,Relax,2
12:04:10,250,237,54472.72727,18.35781041,84,Relax,2
12:04:11,251,237,54472.72727,18.35781041,86,Relax,2
12:04:12,252,236,54202.89855,18.44919786,76,Relax,2
12:04:13,253,237,54472.72727,18.35781041,76,Relax,2
12:04:14,254,237,54472.72727,18.35781041,67,Relax,2
12:04:15,255,237,54472.72727,18.35781041,84,Relax,2
12:04:16,256,241,55571.95572,17.99468791,83,Relax,2
12:04:17,257,243,56133.829,17.81456954,83,Relax,2
12:04:18,258,242,55851.85185,17.90450928,85,Relax,2
12:04:19,259,244,56417.91045,17.72486772,85,Relax,2
12:04:20,260,243,56133.829,17.81456954,80,Relax,2
12:04:21,261,243,56133.829,17.81456954,83,Relax,2
12:04:22,262,242,55851.85185,17.90450928,85,Relax,2
12:04:23,263,241,55571.95572,17.99468791,82,Relax,2
12:04:24,264,240,55294.11765,18.08510638,71,Relax,2
12:04:25,265,241,55571.95572,17.99468791,71,Relax,2
12:04:26,266,240,55294.11765,18.08510638,71,Relax,2
12:04:27,267,241,55571.95572,17.99468791,72,Relax,2
12:04:28,268,241,55571.95572,17.99468791,69,Relax,2
12:04:29,269,240,55294.11765,18.08510638,69,Relax,2
12:04:30,270,240,55294.11765,18.08510638,70,Relax,2
12:04:31,271,242,55851.85185,17.90450928,75,Relax,2
12:04:32,272,245,56704.11985,17.63540291,75,Relax,2
12:04:33,273,244,56417.91045,17.72486772,75,Relax,2
12:04:34,274,242,55851.85185,17.90450928,73,Relax,2
12:04:35,275,253,59073.35907,16.92810458,75,Relax,2
12:04:36,276,245,56704.11985,17.63540291,75,Relax,2
12:04:37,277,239,55018.31502,18.17576565,75,Relax,2
12:04:38,278,239,55018.31502,18.17576565,75,Relax,2
12:04:39,279,240,55294.11765,18.08510638,75,Relax,2
12:04:40,280,240,55294.11765,18.08510638,85,Relax,2
12:04:41,281,239,55018.31502,18.17576565,85,Relax,2
12:04:42,282,239,55018.31502,18.17576565,85,Relax,2
12:04:43,283,239,55018.31502,18.17576565,85,Relax,2
12:04:44,284,239,55018.31502,18.17576565,85,Relax,2
12:04:45,285,239,55018.31502,18.17576565,85,Relax,2
12:04:46,286,239,55018.31502,18.17576565,85,Relax,2
12:04:47,287,238,54744.52555,18.26666667,85,Relax,2
12:04:48,288,239,55018.31502,18.17576565,88,Relax,2
12:04:49,289,239,55018.31502,18.17576565,88,Relax,2
12:04:50,290,238,54744.52555,18.26666667,88,Relax,2
12:04:51,291,239,55018.31502,18.17576565,88,Relax,2
12:04:52,292,239,55018.31502,18.17576565,88,Relax,2
12:04:53,293,239,55018.31502,18.17576565,90,Relax,2
12:04:54,294,238,54744.52555,18.26666667,86,Relax,2
12:04:55,295,271,64979.25311,15.38952746,85,Relax,2
12:04:56,296,265,62914.97976,15.89446589,85,Relax,2
12:04:57,297,240,55294.11765,18.08510638,85,Relax,2
12:04:58,298,241,55571.95572,17.99468791,85,Relax,2
12:04:59,299,240,55294.11765,18.08510638,85,Relax,2
12:05:00,300,241,55571.95572,17.99468791,85,Relax,2
12:05:01,301,240,55294.11765,18.08510638,85,Relax,2
12:05:02,302,240,55294.11765,18.08510638,85,Relax,2
12:05:03,303,241,55571.95572,17.99468791,85,Relax,2
12:05:04,304,241,55571.95572,17.99468791,85,Relax,2
12:05:05,305,241,55571.95572,17.99468791,85,Relax,2
12:05:06,306,241,55571.95572,17.99468791,85,Relax,2
12:05:07,307,242,55851.85185,17.90450928,85,Relax,2
12:05:08,308,242,55851.85185,17.90450928,85,Relax,2
12:05:09,309,242,55851.85185,17.90450928,85,Relax,2
12:05:10,310,243,56133.829,17.81456954,85,Relax,2
12:05:11,311,243,56133.829,17.81456954,85,Relax,2
12:05:12,312,242,55851.85185,17.90450928,85,Relax,2
12:05:13,313,242,55851.85185,17.90450928,79,Relax,2
12:05:14,314,241,55571.95572,17.99468791,76,Relax,2
12:05:15,315,242,55851.85185,17.90450928,75,Relax,2
12:05:16,316,242,55851.85185,17.90450928,73,Relax,2
12:05:17,317,242,55851.85185,17.90450928,73,Relax,2
12:05:18,318,242,55851.85185,17.90450928,73,Relax,2
12:05:19,319,242,55851.85185,17.90450928,74,Relax,2
12:05:20,320,242,55851.85185,17.90450928,74,Relax,2
12:05:21,321,242,55851.85185,17.90450928,77,Relax,2
12:05:22,322,242,55851.85185,17.90450928,77,Relax,2
12:05:23,323,240,55294.11765,18.08510638,74,Relax,2
12:05:24,324,242,55851.85185,17.90450928,72,Relax,2
12:05:25,325,253,59073.35907,16.92810458,72,Relax,2
12:05:26,326,243,56133.829,17.81456954,72,Relax,2
12:05:27,327,244,56417.91045,17.72486772,72,Relax,2
12:05:28,328,266,63252.03252,15.80976864,87,Relax,2
12:05:29,329,243,56133.829,17.81456954,88,Relax,2
12:05:30,330,251,58467.43295,17.10353866,88,Relax,2
12:05:31,331,249,57870.72243,17.27989488,88,Relax,2
12:05:32,332,244,56417.91045,17.72486772,88,Relax,2
12:05:33,333,244,56417.91045,17.72486772,88,Relax,2
12:05:34,334,244,56417.91045,17.72486772,90,Relax,2
12:05:35,335,243,56133.829,17.81456954,87,Relax,2
12:05:36,336,243,56133.829,17.81456954,85,Relax,2
12:05:37,337,243,56133.829,17.81456954,85,Relax,2
12:05:38,338,243,56133.829,17.81456954,85,Relax,2
12:05:39,339,243,56133.829,17.81456954,85,Relax,2
12:05:40,340,243,56133.829,17.81456954,90,Relax,2
12:05:41,341,242,55851.85185,17.90450928,74,Relax,2
12:05:42,342,242,55851.85185,17.90450928,75,Relax,2
12:05:43,343,243,56133.829,17.81456954,75,Relax,2
12:05:44,344,244,56417.91045,17.72486772,76,Relax,2
12:05:45,345,242,55851.85185,17.90450928,77,Relax,2
12:05:46,346,242,55851.85185,17.90450928,79,Relax,2
12:05:47,347,242,55851.85185,17.90450928,79,Relax,2
12:05:48,348,242,55851.85185,17.90450928,79,Relax,2
12:05:49,349,242,55851.85185,17.90450928,79,Relax,2
12:05:50,350,242,55851.85185,17.90450928,79,Relax,2
12:05:51,351,242,55851.85185,17.90450928,79,Relax,2
12:05:52,352,242,55851.85185,17.90450928,82,Relax,2
12:05:53,353,242,55851.85185,17.90450928,80,Relax,2
12:05:54,354,242,55851.85185,17.90450928,87,Relax,2
12:05:55,355,242,55851.85185,17.90450928,87,Relax,2
12:05:56,356,242,55851.85185,17.90450928,87,Relax,2
12:05:57,357,242,55851.85185,17.90450928,89,Relax,2
12:05:58,358,244,56417.91045,17.72486772,91,Relax,2
12:05:59,359,241,55571.95572,17.99468791,92,Relax,2
12:06:00,360,242,55851.85185,17.90450928,89,Relax,2
12:06:01,361,251,58467.43295,17.10353866,91,Relax,2
12:06:02,362,244,56417.91045,17.72486772,92,Relax,2
12:06:03,363,244,56417.91045,17.72486772,83,Relax,2
12:06:04,364,244,56417.91045,17.72486772,83,Relax,2
12:06:05,365,243,56133.829,17.81456954,83,Relax,2
12:06:06,366,243,56133.829,17.81456954,83,Relax,2
12:06:07,367,243,56133.829,17.81456954,83,Relax,2
12:06:08,368,243,56133.829,17.81456954,76,Relax,2
12:06:09,369,243,56133.829,17.81456954,82,Relax,2
12:06:10,370,242,55851.85185,17.90450928,78,Relax,2
12:06:11,371,242,55851.85185,17.90450928,76,Relax,2
12:06:12,372,242,55851.85185,17.90450928,78,Relax,2
12:06:13,373,242,55851.85185,17.90450928,72,Relax,2
12:06:14,374,243,56133.829,17.81456954,74,Relax,2
12:06:15,375,243,56133.829,17.81456954,72,Relax,2
12:06:16,376,241,55571.95572,17.99468791,68,Relax,2
12:06:17,377,242,55851.85185,17.90450928,67,Relax,2
12:06:18,378,242,55851.85185,17.90450928,68,Relax,2
12:06:19,379,242,55851.85185,17.90450928,69,Relax,2
12:06:20,380,242,55851.85185,17.90450928,69,Relax,2
12:06:21,381,241,55571.95572,17.99468791,67,Relax,2
12:06:22,382,241,55571.95572,17.99468791,72,Relax,2
12:06:23,383,241,55571.95572,17.99468791,72,Relax,2
12:06:24,384,240,55294.11765,18.08510638,72,Relax,2
12:06:25,385,239,55018.31502,18.17576565,72,Relax,2
12:06:26,386,239,55018.31502,18.17576565,72,Relax,2
12:06:27,387,239,55018.31502,18.17576565,72,Relax,2
12:06:28,388,239,55018.31502,18.17576565,72,Relax,2
12:06:29,389,239,55018.31502,18.17576565,72,Relax,2
12:06:30,390,239,55018.31502,18.17576565,72,Relax,2
12:06:31,391,239,55018.31502,18.17576565,72,Relax,2
12:06:32,392,239,55018.31502,18.17576565,71,Relax,2
12:06:33,393,239,55018.31502,18.17576565,70,Relax,2
12:06:34,394,239,55018.31502,18.17576565,68,Relax,2
12:06:35,395,239,55018.31502,18.17576565,66,Relax,2
12:06:36,396,238,54744.52555,18.26666667,65,Relax,2
12:06:37,397,238,54744.52555,18.26666667,65,Relax,2
12:06:38,398,240,55294.11765,18.08510638,66,Relax,2
12:06:39,399,239,55018.31502,18.17576565,65,Relax,2
12:06:40,400,239,55018.31502,18.17576565,67,Relax,2
12:06:41,401,239,55018.31502,18.17576565,67,Relax,2
12:06:42,402,238,54744.52555,18.26666667,69,Relax,2
12:06:43,403,238,54744.52555,18.26666667,70,Relax,2
12:06:44,404,239,55018.31502,18.17576565,70,Relax,2
12:06:45,405,238,54744.52555,18.26666667,68,Relax,2
12:06:46,406,239,55018.31502,18.17576565,68,Relax,2
12:06:47,407,238,54744.52555,18.26666667,68,Relax,2
12:06:48,408,238,54744.52555,18.26666667,68,Relax,2
12:06:49,409,239,55018.31502,18.17576565,71,Relax,2
12:06:50,410,238,54744.52555,18.26666667,71,Relax,2
12:06:51,411,238,54744.52555,18.26666667,71,Relax,2
12:06:52,412,240,55294.11765,18.08510638,73,Relax,2
12:06:53,413,238,54744.52555,18.26666667,73,Relax,2
12:06:54,414,238,54744.52555,18.26666667,73,Relax,2
12:06:55,415,238,54744.52555,18.26666667,74,Relax,2
12:06:56,416,238,54744.52555,18.26666667,72,Relax,2
12:06:57,417,237,54472.72727,18.35781041,74,Relax,2
12:06:58,418,238,54744.52555,18.26666667,75,Relax,2
12:06:59,419,238,54744.52555,18.26666667,75,Relax,2
12:07:00,420,238,54744.52555,18.26666667,77,Relax,2
12:07:01,421,238,54744.52555,18.26666667,77,Relax,2
12:07:02,422,238,54744.52555,18.26666667,77,Relax,2
12:07:03,423,238,54744.52555,18.26666667,77,Relax,2
12:07:04,424,239,55018.31502,18.17576565,79,Relax,2
12:07:05,425,238,54744.52555,18.26666667,80,Relax,2
12:07:06,426,238,54744.52555,18.26666667,82,Relax,2
12:07:07,427,237,54472.72727,18.35781041,80,Relax,2
12:07:08,428,238,54744.52555,18.26666667,80,Relax,2
12:07:09,429,238,54744.52555,18.26666667,80,Relax,2
12:07:10,430,238,54744.52555,18.26666667,79,Relax,2
12:07:11,431,238,54744.52555,18.26666667,78,Relax,2
12:07:12,432,238,54744.52555,18.26666667,79,Relax,2
12:07:13,433,238,54744.52555,18.26666667,76,Relax,2
12:07:14,434,238,54744.52555,18.26666667,76,Relax,2
12:07:15,435,238,54744.52555,18.26666667,76,Relax,2
12:07:16,436,238,54744.52555,18.26666667,78,Relax,2
12:07:17,437,237,54472.72727,18.35781041,77,Relax,2
12:07:18,438,239,55018.31502,18.17576565,77,Relax,2
12:07:19,439,238,54744.52555,18.26666667,76,Relax,2
12:07:20,440,238,54744.52555,18.26666667,75,Relax,2
12:07:21,441,238,54744.52555,18.26666667,74,Relax,2
12:07:22,442,238,54744.52555,18.26666667,74,Relax,2
12:07:23,443,238,54744.52555,18.26666667,76,Relax,2
12:07:24,444,238,54744.52555,18.26666667,76,Relax,2
12:07:25,445,238,54744.52555,18.26666667,77,Relax,2
12:07:26,446,238,54744.52555,18.26666667,77,Relax,2
12:07:27,447,237,54472.72727,18.35781041,80,Relax,2
12:07:28,448,238,54744.52555,18.26666667,81,Relax,2
12:07:29,449,238,54744.52555,18.26666667,79,Relax,2
12:07:30,450,237,54472.72727,18.35781041,78,Relax,2
12:07:31,451,238,54744.52555,18.26666667,79,Relax,2
12:07:32,452,238,54744.52555,18.26666667,78,Relax,2
12:07:33,453,238,54744.52555,18.26666667,77,Relax,2
12:07:34,454,237,54472.72727,18.35781041,75,Relax,2
12:07:35,455,238,54744.52555,18.26666667,77,Relax,2
12:07:36,456,238,54744.52555,18.26666667,79,Relax,2
12:07:37,457,238,54744.52555,18.26666667,79,Relax,2
12:07:38,458,238,54744.52555,18.26666667,79,Relax,2
12:07:39,459,238,54744.52555,18.26666667,77,Relax,2
12:07:40,460,238,54744.52555,18.26666667,81,Relax,2
12:07:41,461,238,54744.52555,18.26666667,81,Relax,2
12:07:42,462,237,54472.72727,18.35781041,81,Relax,2
12:07:43,463,238,54744.52555,18.26666667,81,Relax,2
12:07:44,464,239,55018.31502,18.17576565,81,Relax,2
12:07:45,465,239,55018.31502,18.17576565,81,Relax,2
12:07:46,466,239,55018.31502,18.17576565,77,Relax,2
12:07:47,467,238,54744.52555,18.26666667,76,Relax,2
12:07:48,468,239,55018.31502,18.17576565,75,Relax,2
12:07:49,469,239,55018.31502,18.17576565,73,Relax,2
12:07:50,470,239,55018.31502,18.17576565,74,Relax,2
12:07:51,471,238,54744.52555,18.26666667,74,Relax,2
12:07:52,472,239,55018.31502,18.17576565,76,Relax,2
12:07:53,473,239,55018.31502,18.17576565,73,Relax,2
12:07:54,474,238,54744.52555,18.26666667,72,Relax,2
12:07:55,475,239,55018.31502,18.17576565,72,Relax,2
12:07:56,476,239,55018.31502,18.17576565,72,Relax,2
12:07:57,477,239,55018.31502,18.17576565,72,Relax,2
12:07:58,478,239,55018.31502,18.17576565,72,Relax,2
12:07:59,479,238,54744.52555,18.26666667,72,Relax,2
12:08:00,480,239,55018.31502,18.17576565,72,Relax,2
12:08:01,481,239,55018.31502,18.17576565,71,Relax,2
12:08:02,482,239,55018.31502,18.17576565,68,Relax,2
12:08:03,483,239,55018.31502,18.17576565,68,Relax,2
12:08:04,484,239,55018.31502,18.17576565,70,Relax,2
12:08:05,485,238,54744.52555,18.26666667,70,Relax,2
12:08:06,486,239,55018.31502,18.17576565,72,Relax,2
12:08:07,487,239,55018.31502,18.17576565,70,Relax,2
12:08:08,488,239,55018.31502,18.17576565,76,Relax,2
12:08:09,489,240,55294.11765,18.08510638,75,Relax,2
12:08:10,490,240,55294.11765,18.08510638,75,Relax,2
12:08:11,491,239,55018.31502,18.17576565,73,Relax,2
12:08:12,492,239,55018.31502,18.17576565,71,Relax,2
12:08:13,493,239,55018.31502,18.17576565,70,Relax,2
12:08:14,494,239,55018.31502,18.17576565,71,Relax,2
12:08:15,495,239,55018.31502,18.17576565,67,Relax,2
12:08:16,496,238,54744.52555,18.26666667,67,Relax,2
12:08:17,497,239,55018.31502,18.17576565,70,Relax,2
12:08:18,498,239,55018.31502,18.17576565,70,Relax,2
12:08:19,499,239,55018.31502,18.17576565,72,Relax,2
12:08:20,500,239,55018.31502,18.17576565,71,Relax,2
12:08:21,501,240,55294.11765,18.08510638,73,Relax,2
12:08:22,502,239,55018.31502,18.17576565,73,Relax,2
12:08:23,503,239,55018.31502,18.17576565,74,Relax,2
12:08:24,504,239,55018.31502,18.17576565,70,Relax,2
12:08:25,505,239,55018.31502,18.17576565,71,Relax,2
12:08:26,506,238,54744.52555,18.26666667,71,Relax,2
12:08:27,507,240,55294.11765,18.08510638,71,Relax,2
12:08:28,508,239,55018.31502,18.17576565,71,Relax,2
12:08:29,509,239,55018.31502,18.17576565,74,Relax,2
12:08:30,510,239,55018.31502,18.17576565,73,Relax,2
12:08:31,511,239,55018.31502,18.17576565,75,Relax,2
12:08:32,512,239,55018.31502,18.17576565,74,Relax,2
12:08:33,513,240,55294.11765,18.08510638,76,Relax,2
12:08:34,514,239,55018.31502,18.17576565,76,Relax,2
12:08:35,515,239,55018.31502,18.17576565,76,Relax,2
12:08:36,516,239,55018.31502,18.17576565,74,Relax,2
12:08:37,517,238,54744.52555,18.26666667,72,Relax,2
12:08:38,518,240,55294.11765,18.08510638,73,Relax,2
12:08:39,519,239,55018.31502,18.17576565,73,Relax,2
12:08:40,520,239,55018.31502,18.17576565,72,Relax,2
12:08:41,521,239,55018.31502,18.17576565,72,Relax,2
12:08:42,522,239,55018.31502,18.17576565,74,Relax,2
12:08:43,523,239,55018.31502,18.17576565,73,Relax,2
12:08:44,524,239,55018.31502,18.17576565,79,Relax,2
12:08:45,525,240,55294.11765,18.08510638,79,Relax,2
12:08:46,526,240,55294.11765,18.08510638,80,Relax,2
12:08:47,527,239,55018.31502,18.17576565,79,Relax,2
12:08:48,528,240,55294.11765,18.08510638,78,Relax,2
12:08:49,529,239,55018.31502,18.17576565,77,Relax,2
12:08:50,530,239,55018.31502,18.17576565,75,Relax,2
12:08:51,531,240,55294.11765,18.08510638,70,Relax,2
12:08:52,532,240,55294.11765,18.08510638,68,Relax,2
12:08:53,533,239,55018.31502,18.17576565,68,Relax,2
12:08:54,534,240,55294.11765,18.08510638,69,Relax,2
12:08:55,535,240,55294.11765,18.08510638,70,Relax,2
12:08:56,536,240,55294.11765,18.08510638,69,Relax,2
12:08:57,537,240,55294.11765,18.08510638,71,Relax,2
12:08:58,538,239,55018.31502,18.17576565,72,Relax,2
12:08:59,539,240,55294.11765,18.08510638,73,Relax,2
12:09:00,540,240,55294.11765,18.08510638,71,Relax,2
12:09:01,541,240,55294.11765,18.08510638,72,Relax,2
12:09:02,542,240,55294.11765,18.08510638,71,Relax,2
12:09:03,543,240,55294.11765,18.08510638,72,Relax,2
12:09:04,544,240,55294.11765,18.08510638,72,Relax,2
12:09:05,545,240,55294.11765,18.08510638,70,Relax,2
12:09:06,546,240,55294.11765,18.08510638,70,Relax,2
12:09:07,547,241,55571.95572,17.99468791,70,Relax,2
12:09:08,548,240,55294.11765,18.08510638,71,Relax,2
12:09:09,549,241,55571.95572,17.99468791,71,Relax,2
12:09:10,550,242,55851.85185,17.90450928,71,Relax,2
12:09:11,551,240,55294.11765,18.08510638,71,Relax,2
12:09:12,552,240,55294.11765,18.08510638,73,Relax,2
12:09:13,553,240,55294.11765,18.08510638,74,Relax,2
12:09:14,554,241,55571.95572,17.99468791,73,Relax,2
12:09:15,555,240,55294.11765,18.08510638,72,Relax,2
12:09:16,556,241,55571.95572,17.99468791,73,Relax,2
12:09:17,557,240,55294.11765,18.08510638,72,Relax,2
12:09:18,558,240,55294.11765,18.08510638,73,Relax,2
12:09:19,559,240,55294.11765,18.08510638,72,Relax,2
12:09:20,560,240,55294.11765,18.08510638,71,Relax,2
12:09:21,561,240,55294.11765,18.08510638,71,Relax,2
12:09:22,562,240,55294.11765,18.08510638,72,Relax,2
12:09:23,563,240,55294.11765,18.08510638,72,Relax,2
12:09:24,564,240,55294.11765,18.08510638,70,Relax,2
12:09:25,565,241,55571.95572,17.99468791,70,Relax,2
12:09:26,566,240,55294.11765,18.08510638,69,Relax,2
12:09:27,567,241,55571.95572,17.99468791,68,Relax,2
12:09:28,568,241,55571.95572,17.99468791,67,Relax,2
12:09:29,569,240,55294.11765,18.08510638,66,Relax,2
12:09:30,570,241,55571.95572,17.99468791,65,Relax,2
12:09:31,571,240,55294.11765,18.08510638,65,Relax,2
12:09:32,572,240,55294.11765,18.08510638,63,Relax,2
12:09:33,573,241,55571.95572,17.99468791,63,Relax,2
12:09:34,574,240,55294.11765,18.08510638,63,Relax,2
12:09:35,575,241,55571.95572,17.99468791,63,Relax,2
12:09:36,576,241,55571.95572,17.99468791,62,Relax,2
12:09:37,577,241,55571.95572,17.99468791,62,Relax,2
12:09:38,578,241,55571.95572,17.99468791,63,Relax,2
12:09:39,579,241,55571.95572,17.99468791,63,Relax,2
12:09:40,580,240,55294.11765,18.08510638,62,Relax,2
12:09:41,581,241,55571.95572,17.99468791,61,Relax,2
12:09:42,582,241,55571.95572,17.99468791,61,Relax,2
12:09:43,583,241,55571.95572,17.99468791,61,Relax,2
12:09:44,584,241,55571.95572,17.99468791,61,Relax,2
12:09:45,585,241,55571.95572,17.99468791,61,Relax,2
12:09:46,586,241,55571.95572,17.99468791,59,Relax,2
12:09:47,587,241,55571.95572,17.99468791,59,Relax,2
12:09:48,588,241,55571.95572,17.99468791,60,Relax,2
12:09:49,589,241,55571.95572,17.99468791,61,Relax,2
12:09:50,590,241,55571.95572,17.99468791,63,Relax,2
12:09:51,591,241,55571.95572,17.99468791,63,Relax,2
12:09:52,592,241,55571.95572,17.99468791,64,Relax,2
12:09:53,593,241,55571.95572,17.99468791,64,Relax,2
12:09:54,594,241,55571.95572,17.99468791,64,Relax,2
12:09:55,595,239,55018.31502,18.17576565,64,Relax,2
12:09:56,596,241,55571.95572,17.99468791,63,Relax,2
12:09:57,597,241,55571.95572,17.99468791,63,Relax,2
12:09:58,598,241,55571.95572,17.99468791,62,Relax,2
12:09:59,599,241,55571.95572,17.99468791,62,Relax,2
12:10:00,600,242,55851.85185,17.90450928,62,Relax,2
12:10:01,601,241,55571.95572,17.99468791,63,Relax,2
12:10:02,602,242,55851.85185,17.90450928,62,Relax,2
12:10:03,603,241,55571.95572,17.99468791,63,Relax,2
12:10:04,604,241,55571.95572,17.99468791,64,Relax,2
12:10:05,605,242,55851.85185,17.90450928,65,Relax,2
12:10:06,606,241,55571.95572,17.99468791,66,Relax,2
12:10:07,607,241,55571.95572,17.99468791,68,Relax,2
12:10:08,608,241,55571.95572,17.99468791,69,Relax,2
12:10:09,609,241,55571.95572,17.99468791,69,Relax,2
12:10:10,610,240,55294.11765,18.08510638,69,Relax,2
12:10:11,611,242,55851.85185,17.90450928,70,Relax,2
12:10:12,612,241,55571.95572,17.99468791,70,Relax,2
12:10:13,613,242,55851.85185,17.90450928,68,Relax,2
12:10:14,614,241,55571.95572,17.99468791,68,Relax,2
12:10:15,615,242,55851.85185,17.90450928,70,Relax,2
12:10:16,616,241,55571.95572,17.99468791,72,Relax,2
12:10:17,617,241,55571.95572,17.99468791,71,Relax,2
12:10:18,618,242,55851.85185,17.90450928,71,Relax,2
12:10:19,619,242,55851.85185,17.90450928,70,Relax,2
12:10:20,620,243,56133.829,17.81456954,71,Relax,2
12:10:21,621,242,55851.85185,17.90450928,70,Relax,2
12:10:22,622,242,55851.85185,17.90450928,71,Relax,2
12:10:23,623,242,55851.85185,17.90450928,69,Relax,2
12:10:24,624,241,55571.95572,17.99468791,71,Relax,2
12:10:25,625,242,55851.85185,17.90450928,71,Relax,2
12:10:26,626,242,55851.85185,17.90450928,72,Relax,2
12:10:27,627,242,55851.85185,17.90450928,73,Relax,2
12:10:28,628,242,55851.85185,17.90450928,72,Relax,2
12:10:29,629,243,56133.829,17.81456954,73,Relax,2
12:10:30,630,242,55851.85185,17.90450928,73,Relax,2
12:10:31,631,242,55851.85185,17.90450928,72,Relax,2
12:10:32,632,242,55851.85185,17.90450928,71,Relax,2
12:10:33,633,242,55851.85185,17.90450928,72,Relax,2
12:10:34,634,242,55851.85185,17.90450928,72,Relax,2
12:10:35,635,242,55851.85185,17.90450928,71,Relax,2
12:10:36,636,242,55851.85185,17.90450928,71,Relax,2
12:10:37,637,242,55851.85185,17.90450928,71,Relax,2
12:10:38,638,241,55571.95572,17.99468791,72,Relax,2
12:10:39,639,242,55851.85185,17.90450928,70,Relax,2
12:10:40,640,242,55851.85185,17.90450928,69,Relax,2
12:10:41,641,242,55851.85185,17.90450928,69,Relax,2
12:10:42,642,242,55851.85185,17.90450928,69,Relax,2
12:10:43,643,243,56133.829,17.81456954,68,Relax,2
12:10:44,644,243,56133.829,17.81456954,68,Relax,2
12:10:45,645,243,56133.829,17.81456954,66,Relax,2
12:10:46,646,242,55851.85185,17.90450928,67,Relax,2
12:10:47,647,245,56704.11985,17.63540291,67,Relax,2
12:10:48,648,243,56133.829,17.81456954,68,Relax,2
12:10:49,649,242,55851.85185,17.90450928,68,Relax,2
12:10:50,650,242,55851.85185,17.90450928,67,Relax,2
12:10:51,651,243,56133.829,17.81456954,66,Relax,2
12:10:52,652,243,56133.829,17.81456954,69,Relax,2
12:10:53,653,243,56133.829,17.81456954,69,Relax,2
12:10:54,654,243,56133.829,17.81456954,68,Relax,2
12:10:55,655,243,56133.829,17.81456954,68,Relax,2
12:10:56,656,244,56417.91045,17.72486772,68,Relax,2
12:10:57,657,255,59688.71595,16.7535854,68,Relax,2
12:10:58,658,253,59073.35907,16.92810458,68,Relax,2
12:10:59,659,249,57870.72243,17.27989488,68,Relax,2
12:11:00,660,249,57870.72243,17.27989488,84,Relax,2
12:11:01,661,252,58769.23077,17.01570681,84,Relax,2
12:11:02,662,249,57870.72243,17.27989488,84,Relax,2
12:11:03,663,246,56992.4812,17.54617414,81,Relax,2
12:11:04,664,244,56417.91045,17.72486772,81,Relax,2
12:11:05,665,249,57870.72243,17.27989488,80,Relax,2
12:11:06,666,252,58769.23077,17.01570681,81,Relax,2
12:11:07,667,248,57575.75758,17.36842105,81,Relax,2
12:11:08,668,248,57575.75758,17.36842105,81,Relax,2
12:11:09,669,248,57575.75758,17.36842105,81,Relax,2
12:11:10,670,248,57575.75758,17.36842105,81,Relax,2
12:11:11,671,248,57575.75758,17.36842105,81,Relax,2
12:11:12,672,248,57575.75758,17.36842105,82,Relax,2
12:11:13,673,248,57575.75758,17.36842105,82,Relax,2
12:11:14,674,248,57575.75758,17.36842105,71,Relax,2
12:11:15,675,248,57575.75758,17.36842105,72,Relax,2
12:11:16,676,248,57575.75758,17.36842105,72,Relax,2
12:11:17,677,248,57575.75758,17.36842105,71,Relax,2
12:11:18,678,247,57283.01887,17.4571805,71,Relax,2
12:11:19,679,247,57283.01887,17.4571805,71,Relax,2
12:11:20,680,245,56704.11985,17.63540291,71,Relax,2
12:11:21,681,245,56704.11985,17.63540291,73,Relax,2
12:11:22,682,245,56704.11985,17.63540291,70,Relax,2
12:11:23,683,245,56704.11985,17.63540291,69,Relax,2
12:11:24,684,245,56704.11985,17.63540291,67,Relax,2
12:11:25,685,244,56417.91045,17.72486772,64,Relax,2
12:11:26,686,245,56704.11985,17.63540291,65,Relax,2
12:11:27,687,246,56992.4812,17.54617414,65,Relax,2
12:11:28,688,245,56704.11985,17.63540291,64,Relax,2
12:11:29,689,245,56704.11985,17.63540291,62,Relax,2
12:11:30,690,245,56704.11985,17.63540291,62,Relax,2
12:11:31,691,245,56704.11985,17.63540291,62,Relax,2
12:11:32,692,245,56704.11985,17.63540291,64,Relax,2
12:11:33,693,246,56992.4812,17.54617414,64,Relax,2
12:11:34,694,245,56704.11985,17.63540291,65,Relax,2
12:11:35,695,246,56992.4812,17.54617414,64,Relax,2
12:11:36,696,245,56704.11985,17.63540291,63,Relax,2
12:11:37,697,245,56704.11985,17.63540291,61,Relax,2
12:11:38,698,245,56704.11985,17.63540291,62,Relax,2
12:11:39,699,245,56704.11985,17.63540291,62,Relax,2
12:11:40,700,245,56704.11985,17.63540291,62,Relax,2
12:11:41,701,245,56704.11985,17.63540291,65,Relax,2
12:11:42,702,245,56704.11985,17.63540291,65,Relax,2
12:11:43,703,245,56704.11985,17.63540291,65,Relax,2
12:11:44,704,246,56992.4812,17.54617414,65,Relax,2
12:11:45,705,246,56992.4812,17.54617414,67,Relax,2
12:11:46,706,246,56992.4812,17.54617414,71,Relax,2
12:11:47,707,246,56992.4812,17.54617414,71,Relax,2
12:11:48,708,245,56704.11985,17.63540291,69,Relax,2
12:11:49,709,246,56992.4812,17.54617414,67,Relax,2
12:11:50,710,246,56992.4812,17.54617414,67,Relax,2
12:11:51,711,246,56992.4812,17.54617414,65,Relax,2
12:11:52,712,245,56704.11985,17.63540291,63,Relax,2
12:11:53,713,245,56704.11985,17.63540291,63,Relax,2
12:11:54,714,246,56992.4812,17.54617414,62,Relax,2
12:11:55,715,246,56992.4812,17.54617414,62,Relax,2
12:11:56,716,245,56704.11985,17.63540291,62,Relax,2
12:11:57,717,246,56992.4812,17.54617414,62,Relax,2
12:11:58,718,246,56992.4812,17.54617414,61,Relax,2
12:11:59,719,246,56992.4812,17.54617414,63,Relax,2
12:12:00,720,246,56992.4812,17.54617414,67,Relax,2
12:12:01,721,246,56992.4812,17.54617414,67,Relax,2
12:12:02,722,245,56704.11985,17.63540291,70,Relax,2
12:12:03,723,245,56704.11985,17.63540291,70,Relax,2
12:12:04,724,246,56992.4812,17.54617414,71,Relax,2
12:12:05,725,246,56992.4812,17.54617414,70,Relax,2
12:12:06,726,246,56992.4812,17.54617414,72,Relax,2
12:12:07,727,244,56417.91045,17.72486772,75,Relax,2
12:12:08,728,245,56704.11985,17.63540291,73,Relax,2
12:12:09,729,246,56992.4812,17.54617414,72,Relax,2
12:12:10,730,246,56992.4812,17.54617414,67,Relax,2
12:12:11,731,247,57283.01887,17.4571805,71,Relax,2
12:12:12,732,249,57870.72243,17.27989488,72,Relax,2
12:12:13,733,251,58467.43295,17.10353866,71,Relax,2
12:12:14,734,251,58467.43295,17.10353866,67,Relax,2
12:12:15,735,245,56704.11985,17.63540291,71,Relax,2
12:12:16,736,248,57575.75758,17.36842105,71,Relax,2
12:12:17,737,248,57575.75758,17.36842105,70,Relax,2
12:12:18,738,247,57283.01887,17.4571805,70,Relax,2
12:12:19,739,247,57283.01887,17.4571805,70,Relax,2
12:12:20,740,247,57283.01887,17.4571805,70,Relax,2
12:12:21,741,247,57283.01887,17.4571805,68,Relax,2
12:12:22,742,247,57283.01887,17.4571805,68,Relax,2
12:12:23,743,248,57575.75758,17.36842105,71,Relax,2
12:12:24,744,248,57575.75758,17.36842105,74,Relax,2
12:12:25,745,247,57283.01887,17.4571805,72,Relax,2
12:12:26,746,247,57283.01887,17.4571805,72,Relax,2
12:12:27,747,247,57283.01887,17.4571805,81,Relax,2
12:12:28,748,248,57575.75758,17.36842105,81,Relax,2
12:12:29,749,248,57575.75758,17.36842105,81,Relax,2
12:12:30,750,248,57575.75758,17.36842105,79,Relax,2
12:12:31,751,247,57283.01887,17.4571805,79,Relax,2
12:12:32,752,247,57283.01887,17.4571805,77,Relax,2
12:12:33,753,247,57283.01887,17.4571805,78,Relax,2
12:12:34,754,247,57283.01887,17.4571805,73,Relax,2
12:12:35,755,247,57283.01887,17.4571805,70,Relax,2
12:12:36,756,246,56992.4812,17.54617414,70,Relax,2
12:12:37,757,247,57283.01887,17.4571805,70,Relax,2
12:12:38,758,247,57283.01887,17.4571805,70,Relax,2
12:12:39,759,247,57283.01887,17.4571805,70,Relax,2
12:12:40,760,247,57283.01887,17.4571805,70,Relax,2
12:12:41,761,247,57283.01887,17.4571805,68,Relax,2
12:12:42,762,247,57283.01887,17.4571805,68,Relax,2
12:12:43,763,247,57283.01887,17.4571805,70,Relax,2
12:12:44,764,247,57283.01887,17.4571805,72,Relax,2
12:12:45,765,247,57283.01887,17.4571805,69,Relax,2
12:12:46,766,246,56992.4812,17.54617414,74,Relax,2
12:12:47,767,247,57283.01887,17.4571805,74,Relax,2
12:12:48,768,247,57283.01887,17.4571805,74,Relax,2
12:12:49,769,247,57283.01887,17.4571805,74,Relax,2
12:12:50,770,248,57575.75758,17.36842105,74,Relax,2
12:12:51,771,247,57283.01887,17.4571805,74,Relax,2
12:12:52,772,247,57283.01887,17.4571805,74,Relax,2
12:12:53,773,246,56992.4812,17.54617414,74,Relax,2
12:12:54,774,247,57283.01887,17.4571805,74,Relax,2
12:12:55,775,247,57283.01887,17.4571805,75,Relax,2
12:12:56,776,247,57283.01887,17.4571805,74,Relax,2
12:12:57,777,246,56992.4812,17.54617414,74,Relax,2
12:12:58,778,246,56992.4812,17.54617414,72,Relax,2
12:12:59,779,247,57283.01887,17.4571805,73,Relax,2
12:13:00,780,247,57283.01887,17.4571805,73,Relax,2
12:13:01,781,247,57283.01887,17.4571805,73,Relax,2
12:13:02,782,247,57283.01887,17.4571805,73,Relax,2
12:13:03,783,247,57283.01887,17.4571805,72,Relax,2
12:13:04,784,246,56992.4812,17.54617414,73,Relax,2
12:13:05,785,246,56992.4812,17.54617414,73,Relax,2
12:13:06,786,246,56992.4812,17.54617414,71,Relax,2
12:13:07,787,247,57283.01887,17.4571805,71,Relax,2
12:13:08,788,247,57283.01887,17.4571805,71,Relax,2
12:13:09,789,246,56992.4812,17.54617414,71,Relax,2
12:13:10,790,245,56704.11985,17.63540291,70,Relax,2
12:13:11,791,246,56992.4812,17.54617414,72,Relax,2
12:13:12,792,246,56992.4812,17.54617414,72,Relax,2
12:13:13,793,247,57283.01887,17.4571805,72,Relax,2
12:13:14,794,247,57283.01887,17.4571805,74,Relax,2
12:13:15,795,246,56992.4812,17.54617414,74,Relax,2
12:13:16,796,246,56992.4812,17.54617414,76,Relax,2
12:13:17,797,246,56992.4812,17.54617414,74,Relax,2
12:13:18,798,247,57283.01887,17.4571805,75,Relax,2
12:13:19,799,246,56992.4812,17.54617414,72,Relax,2
12:13:20,800,246,56992.4812,17.54617414,72,Relax,2
12:13:21,801,246,56992.4812,17.54617414,70,Relax,2
12:13:22,802,246,56992.4812,17.54617414,71,Relax,2
12:13:23,803,246,56992.4812,17.54617414,71,Relax,2
12:13:24,804,246,56992.4812,17.54617414,72,Relax,2
12:13:25,805,246,56992.4812,17.54617414,73,Relax,2
12:13:26,806,246,56992.4812,17.54617414,72,Relax,2
12:13:27,807,246,56992.4812,17.54617414,73,Relax,2
12:13:28,808,246,56992.4812,17.54617414,76,Relax,2
12:13:29,809,247,57283.01887,17.4571805,73,Relax,2
12:13:30,810,247,57283.01887,17.4571805,73,Relax,2
12:13:31,811,247,57283.01887,17.4571805,73,Relax,2
12:13:32,812,248,57575.75758,17.36842105,74,Relax,2
12:13:33,813,247,57283.01887,17.4571805,74,Relax,2
12:13:34,814,246,56992.4812,17.54617414,74,Relax,2
12:13:35,815,247,57283.01887,17.4571805,74,Relax,2
12:13:36,816,246,56992.4812,17.54617414,78,Relax,2
12:13:37,817,247,57283.01887,17.4571805,78,Relax,2
12:13:38,818,247,57283.01887,17.4571805,76,Relax,2
12:13:39,819,247,57283.01887,17.4571805,76,Relax,2
12:13:40,820,247,57283.01887,17.4571805,76,Relax,2
12:13:41,821,246,56992.4812,17.54617414,76,Relax,2
12:13:42,822,246,56992.4812,17.54617414,76,Relax,2
12:13:43,823,246,56992.4812,17.54617414,76,Relax,2
12:13:44,824,244,56417.91045,17.72486772,76,Relax,2
12:13:45,825,246,56992.4812,17.54617414,72,Relax,2
12:13:46,826,246,56992.4812,17.54617414,74,Relax,2
12:13:47,827,276,66779.66102,14.97461929,74,Relax,2
12:13:48,828,276,66779.66102,14.97461929,71,Relax,2
12:13:49,829,271,64979.25311,15.38952746,69,Relax,2
12:13:50,830,275,66413.50211,15.05717916,63,Relax,2
12:13:51,831,252,58769.23077,17.01570681,60,Relax,2
12:13:52,832,247,57283.01887,17.4571805,63,Relax,2
12:13:53,833,250,58167.93893,17.19160105,62,Relax,2
12:13:54,834,249,57870.72243,17.27989488,60,Relax,2
12:13:55,835,249,57870.72243,17.27989488,60,Relax,2
12:13:56,836,249,57870.72243,17.27989488,62,Relax,2
12:13:57,837,249,57870.72243,17.27989488,64,Relax,2
12:13:58,838,249,57870.72243,17.27989488,64,Relax,2
12:13:59,839,249,57870.72243,17.27989488,67,Relax,2
12:14:00,840,250,58167.93893,17.19160105,69,Relax,2
12:14:01,841,250,58167.93893,17.19160105,70,Relax,2
12:14:02,842,250,58167.93893,17.19160105,69,Relax,2
12:14:03,843,249,57870.72243,17.27989488,69,Relax,2
12:14:04,844,249,57870.72243,17.27989488,68,Relax,2
12:14:05,845,250,58167.93893,17.19160105,69,Relax,2
12:14:06,846,250,58167.93893,17.19160105,66,Relax,2
12:14:07,847,250,58167.93893,17.19160105,66,Relax,2
12:14:08,848,250,58167.93893,17.19160105,67,Relax,2
12:14:09,849,250,58167.93893,17.19160105,67,Relax,2
12:14:10,850,250,58167.93893,17.19160105,66,Relax,2
12:14:11,851,250,58167.93893,17.19160105,66,Relax,2
12:14:12,852,250,58167.93893,17.19160105,66,Relax,2
12:14:13,853,250,58167.93893,17.19160105,66,Relax,2
12:14:14,854,249,57870.72243,17.27989488,66,Relax,2
12:14:15,855,250,58167.93893,17.19160105,65,Relax,2
12:14:16,856,250,58167.93893,17.19160105,66,Relax,2
12:14:17,857,257,60313.72549,16.57997399,66,Relax,2
12:14:18,858,252,58769.23077,17.01570681,66,Relax,2
12:14:19,859,252,58769.23077,17.01570681,73,Relax,2
12:14:20,860,253,59073.35907,16.92810458,69,Relax,2
12:14:21,861,253,59073.35907,16.92810458,73,Relax,2
12:14:22,862,253,59073.35907,16.92810458,75,Relax,2
12:14:23,863,253,59073.35907,16.92810458,76,Relax,2
12:14:24,864,253,59073.35907,16.92810458,76,Relax,2
12:14:25,865,253,59073.35907,16.92810458,76,Relax,2
12:14:26,866,253,59073.35907,16.92810458,71,Relax,2
12:14:27,867,252,58769.23077,17.01570681,71,Relax,2
12:14:28,868,253,59073.35907,16.92810458,71,Relax,2
12:14:29,869,253,59073.35907,16.92810458,74,Relax,2
12:14:30,870,252,58769.23077,17.01570681,75,Relax,2
12:14:31,871,252,58769.23077,17.01570681,77,Relax,2
12:14:32,872,253,59073.35907,16.92810458,80,Relax,2
12:14:33,873,253,59073.35907,16.92810458,80,Relax,2
12:14:34,874,254,59379.84496,16.84073107,80,Relax,2
12:14:35,875,253,59073.35907,16.92810458,80,Relax,2
12:14:36,876,252,58769.23077,17.01570681,82,Relax,2
12:14:37,877,252,58769.23077,17.01570681,84,Relax,2
12:14:38,878,252,58769.23077,17.01570681,85,Relax,2
12:14:39,879,251,58467.43295,17.10353866,89,Relax,2
12:14:40,880,251,58467.43295,17.10353866,81,Relax,2
12:14:41,881,252,58769.23077,17.01570681,81,Relax,2
12:14:42,882,252,58769.23077,17.01570681,81,Relax,2
12:14:43,883,253,59073.35907,16.92810458,78,Relax,2
12:14:44,884,253,59073.35907,16.92810458,77,Relax,2
12:14:45,885,253,59073.35907,16.92810458,77,Relax,2
12:14:46,886,252,58769.23077,17.01570681,77,Relax,2
12:14:47,887,253,59073.35907,16.92810458,77,Relax,2
12:14:48,888,252,58769.23077,17.01570681,77,Relax,2
12:14:49,889,252,58769.23077,17.01570681,77,Relax,2
12:14:50,890,251,58467.43295,17.10353866,77,Relax,2
12:14:51,891,252,58769.23077,17.01570681,79,Relax,2
12:14:52,892,252,58769.23077,17.01570681,79,Relax,2
12:14:53,893,252,58769.23077,17.01570681,77,Relax,2
12:14:54,894,252,58769.23077,17.01570681,77,Relax,2
12:14:55,895,251,58467.43295,17.10353866,74,Relax,2
12:14:56,896,251,58467.43295,17.10353866,79,Relax,2
12:14:57,897,251,58467.43295,17.10353866,76,Relax,2
12:14:58,898,251,58467.43295,17.10353866,73,Relax,2
12:14:59,899,251,58467.43295,17.10353866,70,Relax,2
12:15:00,900,251,58467.43295,17.10353866,68,Relax,2
12:15:01,901,250,58167.93893,17.19160105,67,Relax,2
12:15:02,902,250,58167.93893,17.19160105,67,Relax,2
12:15:03,903,251,58467.43295,17.10353866,65,Relax,2
12:15:04,904,251,58467.43295,17.10353866,62,Relax,2
12:15:05,905,250,58167.93893,17.19160105,65,Relax,2
12:15:06,906,249,57870.72243,17.27989488,68,Relax,2
12:15:07,907,250,58167.93893,17.19160105,68,Relax,2
12:15:08,908,250,58167.93893,17.19160105,68,Relax,2
12:15:09,909,251,58467.43295,17.10353866,68,Relax,2
12:15:10,910,249,57870.72243,17.27989488,68,Relax,2
12:15:11,911,248,57575.75758,17.36842105,70,Relax,2
12:15:12,912,248,57575.75758,17.36842105,70,Relax,2
12:15:13,913,249,57870.72243,17.27989488,70,Relax,2
12:15:14,914,249,57870.72243,17.27989488,72,Relax,2
12:15:15,915,249,57870.72243,17.27989488,72,Relax,2
12:15:16,916,248,57575.75758,17.36842105,72,Relax,2
12:15:17,917,249,57870.72243,17.27989488,73,Relax,2
12:15:18,918,249,57870.72243,17.27989488,74,Relax,2
12:15:19,919,249,57870.72243,17.27989488,79,Relax,2
12:15:20,920,249,57870.72243,17.27989488,80,Relax,2
12:15:21,921,249,57870.72243,17.27989488,81,Relax,2
12:15:22,922,249,57870.72243,17.27989488,81,Relax,2
12:15:23,923,249,57870.72243,17.27989488,81,Relax,2
12:15:24,924,250,58167.93893,17.19160105,83,Relax,2
12:15:25,925,249,57870.72243,17.27989488,83,Relax,2
12:15:26,926,250,58167.93893,17.19160105,83,Relax,2
12:15:27,927,250,58167.93893,17.19160105,83,Relax,2
12:15:28,928,249,57870.72243,17.27989488,89,Relax,2
12:15:29,929,265,62914.97976,15.89446589,93,Relax,2
12:15:30,930,254,59379.84496,16.84073107,93,Relax,2
12:15:31,931,247,57283.01887,17.4571805,93,Relax,2
12:15:32,932,247,57283.01887,17.4571805,89,Relax,2
12:15:33,933,248,57575.75758,17.36842105,89,Relax,2
12:15:34,934,249,57870.72243,17.27989488,89,Relax,2
12:15:35,935,255,59688.71595,16.7535854,89,Relax,2
12:15:36,936,257,60313.72549,16.57997399,85,Relax,2
12:15:37,937,253,59073.35907,16.92810458,87,Relax,2
12:15:38,938,249,57870.72243,17.27989488,86,Relax,2
12:15:39,939,247,57283.01887,17.4571805,95,Relax,2
12:15:40,940,250,58167.93893,17.19160105,95,Relax,2
12:15:41,941,247,57283.01887,17.4571805,90,Relax,2
12:15:42,942,248,57575.75758,17.36842105,92,Relax,2
12:15:43,943,251,58467.43295,17.10353866,92,Relax,2
12:15:44,944,266,63252.03252,15.80976864,92,Relax,2
12:15:45,945,250,58167.93893,17.19160105,90,Relax,2
12:15:46,946,249,57870.72243,17.27989488,88,Relax,2
12:15:47,947,246,56992.4812,17.54617414,88,Relax,2
12:15:48,948,255,59688.71595,16.7535854,88,Relax,2
12:15:49,949,253,59073.35907,16.92810458,88,Relax,2
12:15:50,950,264,62580.64516,15.97938144,82,Relax,2
12:15:51,951,246,56992.4812,17.54617414,70,Relax,2
12:15:52,952,251,58467.43295,17.10353866,67,Relax,2
12:15:53,953,252,58769.23077,17.01570681,67,Relax,2
12:15:54,954,247,57283.01887,17.4571805,67,Relax,2
12:15:55,955,251,58467.43295,17.10353866,63,Relax,2
12:15:56,956,263,62248.99598,16.06451613,63,Relax,2
12:15:57,957,264,62580.64516,15.97938144,63,Relax,2
12:15:58,958,248,57575.75758,17.36842105,63,Relax,2
12:15:59,959,255,59688.71595,16.7535854,63,Relax,2
12:16:00,960,253,59073.35907,16.92810458,63,Relax,2
12:16:01,961,250,58167.93893,17.19160105,65,Relax,2
12:16:02,962,249,57870.72243,17.27989488,63,Relax,2
12:16:03,963,252,58769.23077,17.01570681,60,Relax,2
12:16:04,964,251,58467.43295,17.10353866,60,Relax,2
12:16:05,965,252,58769.23077,17.01570681,60,Relax,2
12:16:06,966,253,59073.35907,16.92810458,60,Relax,2
12:16:07,967,255,59688.71595,16.7535854,59,Relax,2
12:16:08,968,252,58769.23077,17.01570681,57,Relax,2
12:16:09,969,249,57870.72243,17.27989488,57,Relax,2
12:16:10,970,249,57870.72243,17.27989488,66,Relax,2
12:16:11,971,247,57283.01887,17.4571805,66,Relax,2
12:16:12,972,246,56992.4812,17.54617414,66,Relax,2
12:16:13,973,243,56133.829,17.81456954,66,Relax,2
12:16:14,974,242,55851.85185,17.90450928,66,Relax,2
12:16:15,975,242,55851.85185,17.90450928,66,Relax,2
12:16:16,976,242,55851.85185,17.90450928,66,Relax,2
12:16:17,977,241,55571.95572,17.99468791,68,Relax,2
12:16:18,978,240,55294.11765,18.08510638,68,Relax,2
12:16:19,979,240,55294.11765,18.08510638,68,Relax,2
12:16:20,980,240,55294.11765,18.08510638,68,Relax,2
12:16:21,981,244,56417.91045,17.72486772,68,Relax,2
12:16:22,982,244,56417.91045,17.72486772,68,Relax,2
12:16:23,983,244,56417.91045,17.72486772,70,Relax,2
12:16:24,984,244,56417.91045,17.72486772,72,Relax,2
12:16:25,985,244,56417.91045,17.72486772,72,Relax,2
12:16:26,986,244,56417.91045,17.72486772,72,Relax,2
12:16:27,987,244,56417.91045,17.72486772,72,Relax,2
12:16:28,988,241,55571.95572,17.99468791,72,Relax,2
12:16:29,989,240,55294.11765,18.08510638,72,Relax,2
12:16:30,990,241,55571.95572,17.99468791,72,Relax,2
12:16:31,991,240,55294.11765,18.08510638,72,Relax,2
12:16:32,992,239,55018.31502,18.17576565,72,Relax,2
12:16:33,993,239,55018.31502,18.17576565,72,Relax,2
12:16:34,994,241,55571.95572,17.99468791,72,Relax,2
12:16:35,995,240,55294.11765,18.08510638,72,Relax,2
12:16:36,996,239,55018.31502,18.17576565,77,Relax,2
12:16:37,997,238,54744.52555,18.26666667,80,Relax,2
12:16:38,998,236,54202.89855,18.44919786,81,Relax,2
12:16:39,999,240,55294.11765,18.08510638,81,Relax,2
12:16:40,1000,246,56992.4812,17.54617414,81,Relax,2
12:16:41,1001,247,57283.01887,17.4571805,81,Relax,2
12:16:42,1002,242,55851.85185,17.90450928,81,Relax,2
12:16:43,1003,243,56133.829,17.81456954,81,Relax,2
12:16:44,1004,241,55571.95572,17.99468791,81,Relax,2
12:16:45,1005,237,54472.72727,18.35781041,81,Relax,2
12:16:46,1006,239,55018.31502,18.17576565,81,Relax,2
12:16:47,1007,238,54744.52555,18.26666667,81,Relax,2
12:16:48,1008,239,55018.31502,18.17576565,81,Relax,2
12:16:49,1009,239,55018.31502,18.17576565,81,Relax,2
12:16:50,1010,238,54744.52555,18.26666667,70,Relax,2
12:16:51,1011,237,54472.72727,18.35781041,74,Relax,2
12:16:52,1012,237,54472.72727,18.35781041,74,Relax,2
12:16:53,1013,238,54744.52555,18.26666667,74,Relax,2
12:16:54,1014,239,55018.31502,18.17576565,74,Relax,2
12:16:55,1015,240,55294.11765,18.08510638,74,Relax,2
12:16:56,1016,240,55294.11765,18.08510638,74,Relax,2
12:16:57,1017,240,55294.11765,18.08510638,74,Relax,2
12:16:58,1018,239,55018.31502,18.17576565,74,Relax,2
12:16:59,1019,232,53142.85714,18.8172043,73,Relax,2
12:17:00,1020,231,52882.56228,18.90982503,73,Relax,2
12:17:01,1021,233,53405.01792,18.72483222,73,Relax,2
12:17:02,1022,234,53669.06475,18.63270777,76,Relax,2
12:17:03,1023,234,53669.06475,18.63270777,76,Relax,2
12:17:04,1024,232,53142.85714,18.8172043,76,Relax,2
12:17:05,1025,232,53142.85714,18.8172043,76,Relax,2
12:17:06,1026,231,52882.56228,18.90982503,76,Relax,2
12:17:07,1027,231,52882.56228,18.90982503,74,Relax,2
12:17:08,1028,231,52882.56228,18.90982503,74,Relax,2
12:17:09,1029,230,52624.11348,19.00269542,73,Relax,2
12:17:10,1030,231,52882.56228,18.90982503,73,Relax,2
12:17:11,1031,231,52882.56228,18.90982503,73,Relax,2
12:17:12,1032,231,52882.56228,18.90982503,74,Relax,2
12:17:13,1033,231,52882.56228,18.90982503,75,Relax,2
12:17:14,1034,231,52882.56228,18.90982503,68,Relax,2
12:17:15,1035,231,52882.56228,18.90982503,68,Relax,2
12:17:16,1036,231,52882.56228,18.90982503,68,Relax,2
12:17:17,1037,230,52624.11348,19.00269542,70,Relax,2
12:17:18,1038,230,52624.11348,19.00269542,65,Relax,2
12:17:19,1039,230,52624.11348,19.00269542,65,Relax,2
12:17:20,1040,230,52624.11348,19.00269542,65,Relax,2
12:17:21,1041,230,52624.11348,19.00269542,65,Relax,2
12:17:22,1042,230,52624.11348,19.00269542,61,Relax,2
12:17:23,1043,230,52624.11348,19.00269542,61,Relax,2
12:17:24,1044,233,53405.01792,18.72483222,61,Relax,2
12:17:25,1045,238,54744.52555,18.26666667,61,Relax,2
12:17:26,1046,239,55018.31502,18.17576565,61,Relax,2
12:17:27,1047,240,55294.11765,18.08510638,60,Relax,2
12:17:28,1048,240,55294.11765,18.08510638,59,Relax,2
12:17:29,1049,245,56704.11985,17.63540291,59,Relax,2
12:17:30,1050,243,56133.829,17.81456954,58,Relax,2
12:17:31,1051,243,56133.829,17.81456954,60,Relax,2
12:17:32,1052,244,56417.91045,17.72486772,60,Relax,2
12:17:33,1053,243,56133.829,17.81456954,60,Relax,2
12:17:34,1054,243,56133.829,17.81456954,64,Relax,2
12:17:35,1055,243,56133.829,17.81456954,66,Relax,2
12:17:36,1056,244,56417.91045,17.72486772,66,Relax,2
12:17:37,1057,243,56133.829,17.81456954,64,Relax,2
12:17:38,1058,243,56133.829,17.81456954,67,Relax,2
12:17:39,1059,243,56133.829,17.81456954,68,Relax,2
12:17:40,1060,243,56133.829,17.81456954,68,Relax,2
12:17:41,1061,243,56133.829,17.81456954,67,Relax,2
12:17:42,1062,243,56133.829,17.81456954,67,Relax,2
12:17:43,1063,243,56133.829,17.81456954,67,Relax,2
12:17:44,1064,243,56133.829,17.81456954,67,Relax,2
12:17:45,1065,238,54744.52555,18.26666667,67,Relax,2
12:17:46,1066,234,53669.06475,18.63270777,67,Relax,2
12:17:47,1067,253,59073.35907,16.92810458,67,Relax,2
12:17:48,1068,232,53142.85714,18.8172043,67,Relax,2
12:17:49,1069,242,55851.85185,17.90450928,68,Relax,2
12:17:50,1070,247,57283.01887,17.4571805,72,Relax,2
12:17:51,1071,230,52624.11348,19.00269542,72,Relax,2
12:17:52,1072,231,52882.56228,18.90982503,72,Relax,2
12:17:53,1073,235,53935.01805,18.54082999,75,Relax,2
12:17:54,1074,234,53669.06475,18.63270777,72,Relax,2
12:17:55,1075,229,52367.49117,19.09581646,72,Relax,2
12:17:56,1076,230,52624.11348,19.00269542,72,Relax,2
12:17:57,1077,230,52624.11348,19.00269542,74,Relax,2
12:17:58,1078,230,52624.11348,19.00269542,77,Relax,2
12:17:59,1079,230,52624.11348,19.00269542,78,Relax,2
12:18:00,1080,230,52624.11348,19.00269542,75,Relax,2
12:18:01,1081,228,52112.67606,19.18918919,72,Relax,2
12:18:02,1082,229,52367.49117,19.09581646,72,Relax,2
12:18:03,1083,229,52367.49117,19.09581646,72,Relax,2
12:18:04,1084,229,52367.49117,19.09581646,72,Relax,2
12:18:05,1085,229,52367.49117,19.09581646,72,Relax,2
12:18:06,1086,229,52367.49117,19.09581646,70,Relax,2
12:18:07,1087,229,52367.49117,19.09581646,79,Relax,2
12:18:08,1088,229,52367.49117,19.09581646,77,Relax,2
12:18:09,1089,228,52112.67606,19.18918919,74,Relax,2
12:18:10,1090,228,52112.67606,19.18918919,77,Relax,2
12:18:11,1091,228,52112.67606,19.18918919,77,Relax,2
12:18:12,1092,227,51859.64912,19.28281462,77,Relax,2
12:18:13,1093,226,51608.39161,19.37669377,77,Relax,2
12:18:14,1094,226,51608.39161,19.37669377,77,Relax,2
12:18:15,1095,226,51608.39161,19.37669377,77,Relax,2
12:18:16,1096,226,51608.39161,19.37669377,77,Relax,2
12:18:17,1097,226,51608.39161,19.37669377,77,Relax,2
12:18:18,1098,226,51608.39161,19.37669377,77,Relax,2
12:18:19,1099,227,51859.64912,19.28281462,77,Relax,2
12:18:20,1100,227,51859.64912,19.28281462,77,Relax,2
12:18:21,1101,226,51608.39161,19.37669377,77,Relax,2
12:18:22,1102,226,51608.39161,19.37669377,83,Relax,2
12:18:23,1103,227,51859.64912,19.28281462,83,Relax,2
12:18:24,1104,227,51859.64912,19.28281462,85,Relax,2
12:18:25,1105,226,51608.39161,19.37669377,80,Relax,2
12:18:26,1106,226,51608.39161,19.37669377,85,Relax,2
12:18:27,1107,226,51608.39161,19.37669377,81,Relax,2
12:18:28,1108,227,51859.64912,19.28281462,79,Relax,2
12:18:29,1109,226,51608.39161,19.37669377,72,Relax,2
12:18:30,1110,226,51608.39161,19.37669377,72,Relax,2
12:18:31,1111,226,51608.39161,19.37669377,71,Relax,2
12:18:32,1112,226,51608.39161,19.37669377,63,Relax,2
12:18:33,1113,226,51608.39161,19.37669377,63,Relax,2
12:18:34,1114,226,51608.39161,19.37669377,63,Relax,2
12:18:35,1115,226,51608.39161,19.37669377,60,Relax,2
12:18:36,1116,224,51111.11111,19.56521739,64,Relax,2
12:18:37,1117,224,51111.11111,19.56521739,64,Relax,2
12:18:38,1118,229,52367.49117,19.09581646,64,Relax,2
12:18:39,1119,240,55294.11765,18.08510638,59,Relax,2
12:18:40,1120,228,52112.67606,19.18918919,60,Relax,2
12:18:41,1121,227,51859.64912,19.28281462,57,Relax,2
12:18:42,1122,240,55294.11765,18.08510638,57,Relax,2
12:18:43,1123,225,51358.88502,19.47082768,57,Relax,2
12:18:44,1124,230,52624.11348,19.00269542,56,Relax,2
12:18:45,1125,226,51608.39161,19.37669377,56,Relax,2
12:18:46,1126,228,52112.67606,19.18918919,56,Relax,2
12:18:47,1127,234,53669.06475,18.63270777,58,Relax,2
12:18:48,1128,225,51358.88502,19.47082768,58,Relax,2
12:18:49,1129,230,52624.11348,19.00269542,58,Relax,2
12:18:50,1130,235,53935.01805,18.54082999,58,Relax,2
12:18:51,1131,224,51111.11111,19.56521739,58,Relax,2
12:18:52,1132,224,51111.11111,19.56521739,62,Relax,2
12:18:53,1133,243,56133.829,17.81456954,56,Relax,2
12:18:54,1134,232,53142.85714,18.8172043,56,Relax,2
12:18:55,1135,241,55571.95572,17.99468791,56,Relax,2
12:18:56,1136,240,55294.11765,18.08510638,61,Relax,2
12:18:57,1137,225,51358.88502,19.47082768,69,Relax,2
12:18:58,1138,237,54472.72727,18.35781041,71,Relax,2
12:18:59,1139,235,53935.01805,18.54082999,70,Relax,2
12:19:00,1140,240,55294.11765,18.08510638,79,Relax,2
12:19:01,1141,252,58769.23077,17.01570681,81,Relax,2
12:19:02,1142,245,56704.11985,17.63540291,79,Relax,2
12:19:03,1143,233,53405.01792,18.72483222,79,Relax,2
12:19:04,1144,232,53142.85714,18.8172043,79,Relax,2
12:19:05,1145,232,53142.85714,18.8172043,79,Relax,2
12:19:06,1146,228,52112.67606,19.18918919,79,Relax,2
12:19:07,1147,224,51111.11111,19.56521739,79,Relax,2
12:19:08,1148,223,50865.0519,19.65986395,79,Relax,2
12:19:09,1149,225,51358.88502,19.47082768,79,Relax,2
12:19:10,1150,233,53405.01792,18.72483222,79,Relax,2
12:19:11,1151,231,52882.56228,18.90982503,80,Relax,2
12:19:12,1152,234,53669.06475,18.63270777,80,Relax,2
12:19:13,1153,240,55294.11765,18.08510638,80,Relax,2
12:19:14,1154,232,53142.85714,18.8172043,80,Relax,2
12:19:15,1155,230,52624.11348,19.00269542,81,Relax,2
12:19:16,1156,229,52367.49117,19.09581646,81,Relax,2
12:19:17,1157,224,51111.11111,19.56521739,81,Relax,2
12:19:18,1158,223,50865.0519,19.65986395,81,Relax,2
12:19:19,1159,224,51111.11111,19.56521739,84,Relax,2
12:19:20,1160,224,51111.11111,19.56521739,88,Relax,2
12:19:21,1161,226,51608.39161,19.37669377,88,Relax,2
12:19:22,1162,230,52624.11348,19.00269542,88,Relax,2
12:19:23,1163,228,52112.67606,19.18918919,90,Relax,2
12:19:24,1164,228,52112.67606,19.18918919,90,Relax,2
12:19:25,1165,226,51608.39161,19.37669377,90,Relax,2
12:19:26,1166,226,51608.39161,19.37669377,92,Relax,2
12:19:27,1167,227,51859.64912,19.28281462,90,Relax,2
12:19:28,1168,226,51608.39161,19.37669377,84,Relax,2
12:19:29,1169,226,51608.39161,19.37669377,85,Relax,2
12:19:30,1170,226,51608.39161,19.37669377,81,Relax,2
12:19:31,1171,226,51608.39161,19.37669377,77,Relax,2
12:19:32,1172,226,51608.39161,19.37669377,71,Relax,2
12:19:33,1173,226,51608.39161,19.37669377,74,Relax,2
12:19:34,1174,225,51358.88502,19.47082768,77,Relax,2
12:19:35,1175,223,50865.0519,19.65986395,78,Relax,2
12:19:36,1176,221,50378.00687,19.84993179,78,Relax,2
12:19:37,1177,220,50136.9863,19.94535519,78,Relax,2
12:19:38,1178,221,50378.00687,19.84993179,78,Relax,2
12:19:39,1179,220,50136.9863,19.94535519,78,Relax,2
12:19:40,1180,219,49897.61092,20.04103967,79,Relax,2
12:19:41,1181,220,50136.9863,19.94535519,80,Relax,2
12:19:42,1182,222,50620.68966,19.75476839,80,Relax,2
12:19:43,1183,219,49897.61092,20.04103967,79,Relax,2
12:19:44,1184,220,50136.9863,19.94535519,78,Relax,2
12:19:45,1185,220,50136.9863,19.94535519,79,Relax,2
12:19:46,1186,219,49897.61092,20.04103967,79,Relax,2
12:19:47,1187,220,50136.9863,19.94535519,79,Relax,2
12:19:48,1188,220,50136.9863,19.94535519,80,Relax,2
12:19:49,1189,221,50378.00687,19.84993179,78,Relax,2
12:19:50,1190,220,50136.9863,19.94535519,75,Relax,2
12:19:51,1191,220,50136.9863,19.94535519,76,Relax,2
12:19:52,1192,221,50378.00687,19.84993179,75,Relax,2
12:19:53,1193,221,50378.00687,19.84993179,75,Relax,2
12:19:54,1194,221,50378.00687,19.84993179,72,Relax,2
12:19:55,1195,221,50378.00687,19.84993179,70,Relax,2
12:19:56,1196,221,50378.00687,19.84993179,70,Relax,2
12:19:57,1197,221,50378.00687,19.84993179,69,Relax,2
12:19:58,1198,221,50378.00687,19.84993179,68,Relax,2
12:19:59,1199,221,50378.00687,19.84993179,68,Relax,2
12:20:00,1200,221,50378.00687,19.84993179,66,Relax,2
